question;respondent
How do I delete a Git branch locally and remotely?;Matthew Rankin
How do I delete a Git branch locally and remotely?;Eric Brotto
How do I delete a Git branch locally and remotely?;user456814
How do I delete a Git branch locally and remotely?;Alireza
What is machine learning?;Daniel G
What is machine learning?;Michael Aaron Safyan
What is machine learning?;Espo
What is machine learning?;zs2020
What is machine learning?;vikram360
What is the difference between supervised learning and unsupervised learning?;Davide
What is the difference between supervised learning and unsupervised learning?;Yann Schwartz
Why does .Net change the Process.MainWindowHandle?;Lajos Arpad
